profile,quantile,scope,metric,arm,cap,unit,equal_scenario_feasibility,min_scenario_feasibility,max_scenario_feasibility,feasible_streams,total_streams
POOLED_Q50,0.5,single_axis,total_apw,CHAMPION-RESEED,65312540.5,APW_v1,0.5,0.0,1.0,560,1120
POOLED_Q50,0.5,single_axis,total_apw,POPULATION-RESEED,65312540.5,APW_v1,0.0,0.0,0.0,0,1120
POOLED_Q50,0.5,single_axis,total_apw,PERSIST,65312540.5,APW_v1,1.0,1.0,1.0,1120,1120
POOLED_Q50,0.5,single_axis,process_cpu_seconds,CHAMPION-RESEED,11.547203,seconds,0.46071428571428574,0.0,0.9875,516,1120
POOLED_Q50,0.5,single_axis,process_cpu_seconds,POPULATION-RESEED,11.547203,seconds,0.5125000000000001,0.0,1.0,574,1120
POOLED_Q50,0.5,single_axis,process_cpu_seconds,PERSIST,11.547203,seconds,0.5267857142857143,0.0,1.0,590,1120
POOLED_Q50,0.5,single_axis,elapsed_seconds,CHAMPION-RESEED,10.918351270999999,seconds,0.4580357142857143,0.0,1.0,513,1120
POOLED_Q50,0.5,single_axis,elapsed_seconds,POPULATION-RESEED,10.918351270999999,seconds,0.5107142857142858,0.0,1.0,572,1120
POOLED_Q50,0.5,single_axis,elapsed_seconds,PERSIST,10.918351270999999,seconds,0.5312500000000001,0.0,1.0,595,1120
POOLED_Q50,0.5,single_axis,prediction_ns_per_prediction,CHAMPION-RESEED,622.7560000000001,nanoseconds per prediction,0.49821428571428567,0.1125,0.9625,558,1120
POOLED_Q50,0.5,single_axis,prediction_ns_per_prediction,POPULATION-RESEED,622.7560000000001,nanoseconds per prediction,0.6285714285714284,0.225,0.9625,704,1120
POOLED_Q50,0.5,single_axis,prediction_ns_per_prediction,PERSIST,622.7560000000001,nanoseconds per prediction,0.3732142857142858,0.0125,0.95,418,1120
POOLED_Q50,0.5,single_axis,state_snapshot_mib,CHAMPION-RESEED,2.9940409660339355,MiB,0.4821428571428572,0.0,1.0,540,1120
POOLED_Q50,0.5,single_axis,state_snapshot_mib,POPULATION-RESEED,2.9940409660339355,MiB,0.47678571428571426,0.0,1.0,534,1120
POOLED_Q50,0.5,single_axis,state_snapshot_mib,PERSIST,2.9940409660339355,MiB,0.5410714285714285,0.0125,1.0,606,1120
POOLED_Q50,0.5,single_axis,provenance_mib,CHAMPION-RESEED,257.7512638568878,MiB,0.449107142857143,0.0,1.0,503,1120
POOLED_Q50,0.5,single_axis,provenance_mib,POPULATION-RESEED,257.7512638568878,MiB,0.47500000000000003,0.0,1.0,532,1120
POOLED_Q50,0.5,single_axis,provenance_mib,PERSIST,257.7512638568878,MiB,0.5758928571428571,0.05,1.0,645,1120
POOLED_Q50,0.5,joint_all_six,ALL_CANONICAL_AXES,CHAMPION-RESEED,,vector budget,0.2544642857142857,0.0,0.7,285,1120
POOLED_Q50,0.5,joint_all_six,ALL_CANONICAL_AXES,POPULATION-RESEED,,vector budget,0.0,0.0,0.0,0,1120
POOLED_Q50,0.5,joint_all_six,ALL_CANONICAL_AXES,PERSIST,,vector budget,0.24821428571428575,0.0,0.6625,278,1120
POOLED_Q50,0.5,joint_five_non_latency,ALL_EXCEPT_PREDICTION,CHAMPION-RESEED,,vector budget,0.36160714285714285,0.0,0.9875,405,1120
POOLED_Q50,0.5,joint_five_non_latency,ALL_EXCEPT_PREDICTION,POPULATION-RESEED,,vector budget,0.0,0.0,0.0,0,1120
POOLED_Q50,0.5,joint_five_non_latency,ALL_EXCEPT_PREDICTION,PERSIST,,vector budget,0.4348214285714286,0.0,1.0,487,1120
POOLED_Q75,0.75,single_axis,total_apw,CHAMPION-RESEED,65314428.25,APW_v1,1.0,1.0,1.0,1120,1120
POOLED_Q75,0.75,single_axis,total_apw,POPULATION-RESEED,65314428.25,APW_v1,0.25,0.0,1.0,280,1120
POOLED_Q75,0.75,single_axis,total_apw,PERSIST,65314428.25,APW_v1,1.0,1.0,1.0,1120,1120
POOLED_Q75,0.75,single_axis,process_cpu_seconds,CHAMPION-RESEED,14.2442515,seconds,0.7437499999999998,0.3125,1.0,833,1120
POOLED_Q75,0.75,single_axis,process_cpu_seconds,POPULATION-RESEED,14.2442515,seconds,0.7294642857142858,0.2375,1.0,817,1120
POOLED_Q75,0.75,single_axis,process_cpu_seconds,PERSIST,14.2442515,seconds,0.7767857142857143,0.325,1.0,870,1120
POOLED_Q75,0.75,single_axis,elapsed_seconds,CHAMPION-RESEED,13.340589941874999,seconds,0.7357142857142858,0.3,1.0,824,1120
POOLED_Q75,0.75,single_axis,elapsed_seconds,POPULATION-RESEED,13.340589941874999,seconds,0.7241071428571431,0.2375,1.0,811,1120
POOLED_Q75,0.75,single_axis,elapsed_seconds,PERSIST,13.340589941874999,seconds,0.7901785714285714,0.35,1.0,885,1120
POOLED_Q75,0.75,single_axis,prediction_ns_per_prediction,CHAMPION-RESEED,661.4499999999999,nanoseconds per prediction,0.7589285714285714,0.5125,0.9625,850,1120
POOLED_Q75,0.75,single_axis,prediction_ns_per_prediction,POPULATION-RESEED,661.4499999999999,nanoseconds per prediction,0.8482142857142858,0.6125,1.0,950,1120
POOLED_Q75,0.75,single_axis,prediction_ns_per_prediction,PERSIST,661.4499999999999,nanoseconds per prediction,0.6428571428571429,0.2375,0.95,720,1120
POOLED_Q75,0.75,single_axis,state_snapshot_mib,CHAMPION-RESEED,3.9439382553100586,MiB,0.7357142857142858,0.2375,1.0,824,1120
POOLED_Q75,0.75,single_axis,state_snapshot_mib,POPULATION-RESEED,3.9439382553100586,MiB,0.6687500000000001,0.125,1.0,749,1120
POOLED_Q75,0.75,single_axis,state_snapshot_mib,PERSIST,3.9439382553100586,MiB,0.8455357142857142,0.475,1.0,947,1120
POOLED_Q75,0.75,single_axis,provenance_mib,CHAMPION-RESEED,332.0378613471985,MiB,0.675,0.225,1.0,756,1120
POOLED_Q75,0.75,single_axis,provenance_mib,POPULATION-RESEED,332.0378613471985,MiB,0.6598214285714287,0.1875,1.0,739,1120
POOLED_Q75,0.75,single_axis,provenance_mib,PERSIST,332.0378613471985,MiB,0.9151785714285715,0.775,1.0,1025,1120
POOLED_Q75,0.75,joint_all_six,ALL_CANONICAL_AXES,CHAMPION-RESEED,,vector budget,0.5142857142857143,0.1375,0.925,576,1120
POOLED_Q75,0.75,joint_all_six,ALL_CANONICAL_AXES,POPULATION-RESEED,,vector budget,0.23482142857142857,0.0,0.9125,263,1120
POOLED_Q75,0.75,joint_all_six,ALL_CANONICAL_AXES,PERSIST,,vector budget,0.5428571428571428,0.1,0.875,608,1120
POOLED_Q75,0.75,joint_five_non_latency,ALL_EXCEPT_PREDICTION,CHAMPION-RESEED,,vector budget,0.6285714285714284,0.1625,1.0,704,1120
POOLED_Q75,0.75,joint_five_non_latency,ALL_EXCEPT_PREDICTION,POPULATION-RESEED,,vector budget,0.24910714285714283,0.0,1.0,279,1120
POOLED_Q75,0.75,joint_five_non_latency,ALL_EXCEPT_PREDICTION,PERSIST,,vector budget,0.7258928571428571,0.3125,1.0,813,1120
POOLED_Q90,0.9,single_axis,total_apw,CHAMPION-RESEED,65317199.0,APW_v1,1.0,1.0,1.0,1120,1120
POOLED_Q90,0.9,single_axis,total_apw,POPULATION-RESEED,65317199.0,APW_v1,0.700892857142857,0.325,1.0,785,1120
POOLED_Q90,0.9,single_axis,total_apw,PERSIST,65317199.0,APW_v1,1.0,1.0,1.0,1120,1120
POOLED_Q90,0.9,single_axis,process_cpu_seconds,CHAMPION-RESEED,15.5368125,seconds,0.8982142857142856,0.625,1.0,1006,1120
POOLED_Q90,0.9,single_axis,process_cpu_seconds,POPULATION-RESEED,15.5368125,seconds,0.8776785714285714,0.6,1.0,983,1120
POOLED_Q90,0.9,single_axis,process_cpu_seconds,PERSIST,15.5368125,seconds,0.9241071428571429,0.7375,1.0,1035,1120
POOLED_Q90,0.9,single_axis,elapsed_seconds,CHAMPION-RESEED,14.4468065554,seconds,0.8982142857142856,0.6,1.0,1006,1120
POOLED_Q90,0.9,single_axis,elapsed_seconds,POPULATION-RESEED,14.4468065554,seconds,0.875,0.575,1.0,980,1120
POOLED_Q90,0.9,single_axis,elapsed_seconds,PERSIST,14.4468065554,seconds,0.9267857142857142,0.75,1.0,1038,1120
POOLED_Q90,0.9,single_axis,prediction_ns_per_prediction,CHAMPION-RESEED,707.6015249999999,nanoseconds per prediction,0.8973214285714286,0.825,0.9625,1005,1120
POOLED_Q90,0.9,single_axis,prediction_ns_per_prediction,POPULATION-RESEED,707.6015249999999,nanoseconds per prediction,0.9401785714285715,0.8625,1.0,1053,1120
POOLED_Q90,0.9,single_axis,prediction_ns_per_prediction,PERSIST,707.6015249999999,nanoseconds per prediction,0.8624999999999999,0.6125,0.975,966,1120
POOLED_Q90,0.9,single_axis,state_snapshot_mib,CHAMPION-RESEED,4.567833757400512,MiB,0.9035714285714286,0.6625,1.0,1012,1120
POOLED_Q90,0.9,single_axis,state_snapshot_mib,POPULATION-RESEED,4.567833757400512,MiB,0.8330357142857144,0.425,1.0,933,1120
POOLED_Q90,0.9,single_axis,state_snapshot_mib,PERSIST,4.567833757400512,MiB,0.9633928571428572,0.8625,1.0,1079,1120
POOLED_Q90,0.9,single_axis,provenance_mib,CHAMPION-RESEED,377.17344412803646,MiB,0.8723214285714286,0.55,1.0,977,1120
POOLED_Q90,0.9,single_axis,provenance_mib,POPULATION-RESEED,377.17344412803646,MiB,0.84375,0.525,1.0,945,1120
POOLED_Q90,0.9,single_axis,provenance_mib,PERSIST,377.17344412803646,MiB,0.9839285714285716,0.925,1.0,1102,1120
POOLED_Q90,0.9,joint_all_six,ALL_CANONICAL_AXES,CHAMPION-RESEED,,vector budget,0.7517857142857142,0.4875,0.9625,842,1120
POOLED_Q90,0.9,joint_all_six,ALL_CANONICAL_AXES,POPULATION-RESEED,,vector budget,0.6383928571428573,0.1875,1.0,715,1120
POOLED_Q90,0.9,joint_all_six,ALL_CANONICAL_AXES,PERSIST,,vector budget,0.7991071428571427,0.45,0.975,895,1120
POOLED_Q90,0.9,joint_five_non_latency,ALL_EXCEPT_PREDICTION,CHAMPION-RESEED,,vector budget,0.8321428571428571,0.525,1.0,932,1120
POOLED_Q90,0.9,joint_five_non_latency,ALL_EXCEPT_PREDICTION,POPULATION-RESEED,,vector budget,0.675,0.25,1.0,756,1120
POOLED_Q90,0.9,joint_five_non_latency,ALL_EXCEPT_PREDICTION,PERSIST,,vector budget,0.9071428571428573,0.725,1.0,1016,1120
POOLED_Q95,0.95,single_axis,total_apw,CHAMPION-RESEED,65317690.15,APW_v1,1.0,1.0,1.0,1120,1120
POOLED_Q95,0.95,single_axis,total_apw,POPULATION-RESEED,65317690.15,APW_v1,0.85,0.65,1.0,952,1120
POOLED_Q95,0.95,single_axis,total_apw,PERSIST,65317690.15,APW_v1,1.0,1.0,1.0,1120,1120
POOLED_Q95,0.95,single_axis,process_cpu_seconds,CHAMPION-RESEED,16.245385699999996,seconds,0.9535714285714285,0.8,1.0,1068,1120
POOLED_Q95,0.95,single_axis,process_cpu_seconds,POPULATION-RESEED,16.245385699999996,seconds,0.9401785714285715,0.75,1.0,1053,1120
POOLED_Q95,0.95,single_axis,process_cpu_seconds,PERSIST,16.245385699999996,seconds,0.95625,0.85,1.0,1071,1120
POOLED_Q95,0.95,single_axis,elapsed_seconds,CHAMPION-RESEED,15.06515024665,seconds,0.9482142857142858,0.7875,1.0,1062,1120
POOLED_Q95,0.95,single_axis,elapsed_seconds,POPULATION-RESEED,15.06515024665,seconds,0.9437499999999999,0.7625,1.0,1057,1120
POOLED_Q95,0.95,single_axis,elapsed_seconds,PERSIST,15.06515024665,seconds,0.9580357142857144,0.8375,1.0,1073,1120
POOLED_Q95,0.95,single_axis,prediction_ns_per_prediction,CHAMPION-RESEED,801.5061249999978,nanoseconds per prediction,0.9339285714285716,0.875,0.975,1046,1120
POOLED_Q95,0.95,single_axis,prediction_ns_per_prediction,POPULATION-RESEED,801.5061249999978,nanoseconds per prediction,0.9624999999999998,0.8875,1.0,1078,1120
POOLED_Q95,0.95,single_axis,prediction_ns_per_prediction,PERSIST,801.5061249999978,nanoseconds per prediction,0.9535714285714284,0.9125,1.0,1068,1120
POOLED_Q95,0.95,single_axis,state_snapshot_mib,CHAMPION-RESEED,4.894113683700561,MiB,0.9580357142857141,0.825,1.0,1073,1120
POOLED_Q95,0.95,single_axis,state_snapshot_mib,POPULATION-RESEED,4.894113683700561,MiB,0.9062500000000002,0.675,1.0,1015,1120
POOLED_Q95,0.95,single_axis,state_snapshot_mib,PERSIST,4.894113683700561,MiB,0.9857142857142858,0.9125,1.0,1104,1120
POOLED_Q95,0.95,single_axis,provenance_mib,CHAMPION-RESEED,403.21738004684437,MiB,0.9348214285714286,0.75,1.0,1047,1120
POOLED_Q95,0.95,single_axis,provenance_mib,POPULATION-RESEED,403.21738004684437,MiB,0.9169642857142858,0.7125,1.0,1027,1120
POOLED_Q95,0.95,single_axis,provenance_mib,PERSIST,403.21738004684437,MiB,0.9982142857142858,0.9875,1.0,1118,1120
POOLED_Q95,0.95,joint_all_six,ALL_CANONICAL_AXES,CHAMPION-RESEED,,vector budget,0.8508928571428571,0.675,0.975,953,1120
POOLED_Q95,0.95,joint_all_six,ALL_CANONICAL_AXES,POPULATION-RESEED,,vector budget,0.7875000000000002,0.55,1.0,882,1120
POOLED_Q95,0.95,joint_all_six,ALL_CANONICAL_AXES,PERSIST,,vector budget,0.9080357142857144,0.8,1.0,1017,1120
POOLED_Q95,0.95,joint_five_non_latency,ALL_EXCEPT_PREDICTION,CHAMPION-RESEED,,vector budget,0.911607142857143,0.7375,1.0,1021,1120
POOLED_Q95,0.95,joint_five_non_latency,ALL_EXCEPT_PREDICTION,POPULATION-RESEED,,vector budget,0.8178571428571427,0.575,1.0,916,1120
POOLED_Q95,0.95,joint_five_non_latency,ALL_EXCEPT_PREDICTION,PERSIST,,vector budget,0.9508928571428571,0.825,1.0,1065,1120
