path	bytes	sha256	mode	licence
.gitattributes	70	560938499f45a656ae0a16d0d25c5204a477256e8556d1e4384a50dedd751a9e	0644	PolyForm-Noncommercial-1.0.0
.gitignore	246	3ef8f80013bdf4cfb9ac169d740c4fe74da85ad7f4efe58bbec22c101bf851dd	0644	PolyForm-Noncommercial-1.0.0
.node-version	8	177d20030d4dcc37eae9ef92865ec54dadce60e8f19e9a34a5d4f37502195a36	0644	PolyForm-Noncommercial-1.0.0
CHANGELOG.md	557	ad8bdae1886e346a7caf32e9cfc1271ea7ddff526fe6cf76122ddde730228139	0644	CC-BY-NC-4.0
CITATION.cff	1194	6dae3693539c4400e2978fa2b13220a0f90bddcf68308b5da8bf30bd25b6f6de	0644	CC-BY-NC-4.0
COMMERCIAL-LICENSING.md	577	9a5027852d6bf19508d995ab4e48271e817bfee20d289d988e79574850b808ac	0644	CC-BY-NC-4.0
CONTRIBUTING.md	594	be1a29dd8c2f0e847895f4cd4a7185c382fed7f86af3bc2bc7fd7cfcbcabefdf	0644	CC-BY-NC-4.0
LICENSE	4535	1fa814e768411cb9c19cf19e55fcee829abec80e9e48e952099685f70c41cb35	0644	respective-document-terms
LICENSE-POLICY.md	1322	212a5f304c510d595992d049dfb86e096d0743dd1c829713992eb8feddc17cdc	0644	CC-BY-NC-4.0
LICENSES/CC-BY-4.0.txt	18656	9e5f1b3c610b9c2da5c313bf81d577a7d1acec686bdb0384edefa6df0f90cd94	0644	respective-document-terms
LICENSES/CC-BY-NC-4.0.txt	19346	3711f963c05d0be80d53e5923308a6dee31b203da23435c9cfb7c7b6e4dd5e19	0644	respective-document-terms
LICENSES/LicenseRef-All-Rights-Reserved.txt	308	0480c4b94fc50cbaf21d32fe0de6cf160f60c12225cf4ce221b4943a3c1a9ae9	0644	respective-document-terms
LICENSES/LicenseRef-Internal-No-Redistribution.txt	253	3531fe2fe0ecf0fc58c3a4970f51597602b2837283e7de8ae96e3a2f96b1a746	0644	respective-document-terms
LICENSES/PDDL-1.0-NOTICE.txt	345	455d82a17aeb95bb2651a1f6ab4223640f9f0f168cf82d2523c89404205f58c8	0644	respective-document-terms
LICENSES/PolyForm-Noncommercial-1.0.0.txt	4535	1fa814e768411cb9c19cf19e55fcee829abec80e9e48e952099685f70c41cb35	0644	respective-document-terms
LICENSES/README.md	560	9bd98572d8ac3e7738f66a12b06c0976ba6d3fe87d3aecd81c665a515f0383ab	0644	respective-document-terms
NOTICE.md	622	effc0c80f69b408ac8db252e75a13a893f0e58ef49731c733e6b3084c581ce97	0644	CC-BY-NC-4.0
PUBLIC_RELEASE_GATE.json	1227	cf6151a9a0f51b01163c632723c1148adb9920ece8473bf82792d74a2bfa036e	0644	CC-BY-NC-4.0
README.md	3712	1c025909b9f0d3e33327ce94c3d028dea4c244878b85495cbdca219c7cba26bc	0644	CC-BY-NC-4.0
REMOTE_PUBLICATION_PLAN.json	588	e9b158aaa38e93253f1c22e54d04eaeef3018c5cd73fb1536037b912153aae99	0644	CC-BY-NC-4.0
analysis/decision_economics/I07_CLAIMS_CONTRACT.json	2269	1eb7c7e525a89e33d613d02c91959739a92dc245dc7e8b7ab2754a08533db9e9	0644	CC-BY-NC-4.0
analysis/decision_economics/I07_DECISION_ECONOMICS_CONTRACT.md	1645	49b5ad5ff07669480b3c2438177d3f4b68cc975d4836da702fabcde289ec91ba	0644	CC-BY-NC-4.0
analysis/decision_economics/reproduce_i07.py	57258	c7055656e21317c082c5a5f9d0199c49cd9085a4e67514196378b695c1dffe21	0755	PolyForm-Noncommercial-1.0.0
analysis/study1/execution/f10_conf_aggregate.mjs	10110	c17fcd9c5cbc0db0f6882765896edafa274af9c675e655d3426890c83592c3ae	0755	PolyForm-Noncommercial-1.0.0
analysis/study1/execution/f10_contextual_aggregate.py	6795	f47e5d95ba51ebe274a70216df623f77f9b4b1b2c2c98ba130735b343a1c5720	0755	PolyForm-Noncommercial-1.0.0
analysis/study1/execution/f10_primary_core.mjs	17350	40f202ae1a5731b88adc596f9ea24e5246a1b55755ba70b87745688fce17bbd3	0755	PolyForm-Noncommercial-1.0.0
analysis/study1/f11/F11_IMPLEMENTATION_BINDING.json	5782	54a320e1f7cd9b2169d7b9829d9afe87107d128d724a0676d2a6acc39f99f7ea	0644	CC-BY-NC-4.0
analysis/study1/f11/OFFICIAL_RESULT_RECEIPT.json	3800	f8b662ad636731ad33d71f7993dc91e96d4d5f8f2ac55de9ac8a1a0b5c329bfb	0644	CC-BY-NC-4.0
analysis/study1/f11/f11_analysis.py	19165	834b22a621102c4250867cc908706862cbfe6a2a72e9b018f5efb4a3175dbaf0	0755	PolyForm-Noncommercial-1.0.0
analysis/study1/f11/f11_stats.py	10513	6e546b51440d1d03e7ff06b84322e46eb36016ddd048d83edd5343d39657d562	0755	PolyForm-Noncommercial-1.0.0
analysis/study1/f11/f11_validate_results.py	8263	d4ce48d1080d14d597001a06a14ab4030975ec7d719e9f6ac5203f8d4d31f37e	0755	PolyForm-Noncommercial-1.0.0
analysis/study1/f11/f11_verify_primary.mjs	4922	1e2bb29f826c9e3725b6e0827636fde6b923d194de583b4df526680a5d9719c8	0755	PolyForm-Noncommercial-1.0.0
analysis/study1/f11/results/MECHANISM_MODEL.json	5994	797eaf7b38bd863584c65b2075ec44929c3821c1df1509d4ff98a2f2ed8182a9	0644	CC-BY-NC-4.0
analysis/study1/f11/results/PRIMARY_INFERENCE.json	1611	48d1137ac5e984b26ac549d9b826ea458eb2993638319bcd1bad9fd256636c6e	0644	CC-BY-NC-4.0
analysis/study1/f12/CONTEXTUAL_BREAK_EVEN.tsv	1334	39e76945cda854c6c4e9f237f390838c4992ac46e113a03f9c32a6f2b05b06ac	0644	CC-BY-NC-4.0
analysis/study1/f12/CONTEXTUAL_METHOD_SUMMARY.tsv	1052	0773449e5cb4f6f3b4c8bb65de6d0ab4b111ce10e6ef4bf6b97ed5e1564f9896	0644	CC-BY-NC-4.0
analysis/study1/f12/F12_ANALYSIS_RECEIPT.json	839	e091db7150cb8db9a66cc93bec9272cb6e30bec54ff151f78f2f4353e30aab8d	0644	CC-BY-NC-4.0
analysis/study1/f12/F12_DECISION_ECONOMICS.json	14191	fe6fe600e74c3d91486663a5c4b992bc9c52eb73cf16c01456633503cdbde41a	0644	CC-BY-NC-4.0
analysis/study1/f12/F12_IMPLEMENTATION_BINDING.json	5801	1767bfdc68324178c9a105aada92a9303383db8fc77f049eee0b707951919fd7	0644	CC-BY-NC-4.0
analysis/study1/f12/INTERNAL_STATE_RESOURCE.tsv	630	fcbf1a0f348c33895d0ad48899be8a8ec4f65e7aeb2f046acd3fa548c91199f2	0644	CC-BY-NC-4.0
analysis/study1/f12/MATERIAL_RESOURCE.tsv	416	82a436cdfaadb93ca19574fd2881f5a773f2970d5981eb97e70e963a89300e93	0644	CC-BY-NC-4.0
analysis/study1/f12/OFFICIAL_RUNTIME_RECEIPT.json	627	58f1ba0c51198f7a71fb3e7572ac2ff78dab1f6dc5e51d9fc6e45be1b5881350	0644	CC-BY-NC-4.0
analysis/study1/f12/f12_decision_economics.py	16700	9452dfdbae5b4c71a1f6002d350c122c1ba4d6600c6eb41bccc5beb1c315eb3e	0755	PolyForm-Noncommercial-1.0.0
analysis/study1/f12/f12_validate_results.py	3469	33c9ccbadc8297c2502def754026337c2e8cff6e724dde955995f66cfd203c0e	0755	PolyForm-Noncommercial-1.0.0
analysis/study2/DRAW_SCHEDULE_SEALS.json	1271	56d22703f850e8680ba517cbd786a3a89f6aaa20d0b62e637327b47683f1a0f0	0644	CC-BY-NC-4.0
analysis/study2/FROZEN_SOURCE_HASHES.json	1886	35a246a9d4b56671bde6c867bca6d2ca7f30fd0104401b50fcded0a1754657c5	0644	CC-BY-NC-4.0
analysis/study2/METHODS_AND_IMPLEMENTATION_RESOLUTIONS_EN.md	8090	e3bd6877ece4fee515d64245512888ad87495b146838afe1c3aad037d3b96ec6	0644	CC-BY-NC-4.0
analysis/study2/NUMERICAL_IMPLEMENTATION_RESOLUTION.json	3563	c24bd2a36a99c872803929fcfe8e7e0858887bcc23b22e5701882745ab4831e6	0644	CC-BY-NC-4.0
analysis/study2/PUBLIC_ADAPTATION.md	1004	ea5ff9ca340ca38a249a0e0bc7855bbbf923c14b24102afb0b1bcf64cb9e7bf7	0644	CC-BY-NC-4.0
analysis/study2/README_ANALYSIS_EN.md	5504	ee16d7948918bdbe962749688fb19cd96367088d5231eb284b3b991fcd3f4bc1	0644	CC-BY-NC-4.0
analysis/study2/analyse.py	8916	c8da880aac49d95652ee125def0f87c72e24c7b0aaa1477fb90c2a5cc9e0d3f9	0755	PolyForm-Noncommercial-1.0.0
analysis/study2/qualify_analysis.py	8175	c4b654c3c9c28c8a7b705f3b064752ae9eee05cc16106878c0da9b5df968df9c	0755	PolyForm-Noncommercial-1.0.0
analysis/study2/reporting.py	6198	5f7f5faa905052710dce8885a1e247d0db6b8e99a11123b16c8e6a6870c00acb	0755	PolyForm-Noncommercial-1.0.0
analysis/study2/reproduce_frozen.mjs	6448	b7245ed6858f1a4ed9fe398d282b89d9efe3891ec653d0078b397f9865f4e24b	0755	PolyForm-Noncommercial-1.0.0
analysis/study2/reproduce_public.mjs	6688	48a8f69609274ec2fe5644e055d0a571eb61e287382f46a5ad56c866a9fd8447	0755	PolyForm-Noncommercial-1.0.0
analysis/study2/requirements-analysis.txt	13	7bd6b8946940b79948c548c8048e545684b91c8edc9444d8dfc0c8f76a97c0a7	0644	CC-BY-NC-4.0
analysis/study2/statistics_core.py	11306	4e81bc3383630d5a77aa24b7291334c6af1174f22a0ddd0a996df4ad3a5bcc68	0755	PolyForm-Noncommercial-1.0.0
assets/code/confirmatory/analysis.py	8412	8454120fc558d78f77798c3b44c0e9930445822d2b339b9bff991ee15a7265a2	0755	PolyForm-Noncommercial-1.0.0
assets/code/confirmatory/bootstrap_analysis.py	8379	b712d5583786949c131cdb5333b7d48c276bebfd9895b8cd85d8d8cfe64f3636	0755	PolyForm-Noncommercial-1.0.0
assets/code/confirmatory/bootstrap_kernel.cpp	2697	67077c234191577baf1d926b65f616b4540e7de6bbadf4cbbaffbb09a91bdd25	0644	PolyForm-Noncommercial-1.0.0
assets/code/confirmatory/bootstrap_record_adapter.py	2761	cfe5c5e9554698d329ceee11bdbfd9526766e843f786fdf498b2ecf74db6237b	0755	PolyForm-Noncommercial-1.0.0
assets/code/confirmatory/bounded_precision.py	2914	8234cbe6bf83840c29a38955410991cac6502bcfc574e37d0e83629f88a4b2f1	0755	PolyForm-Noncommercial-1.0.0
assets/code/confirmatory/calibrate-dev.mjs	6073	12160ed7e155e4316cfeddb1c4bbe84deb11f60f3882ccc705a8e27513fe48f6	0755	PolyForm-Noncommercial-1.0.0
assets/code/confirmatory/campaign-admission.mjs	11500	1e7b9904dc293c77f81bc6d069eed14bad54dde80e59e881f289ce0d5c70c70c	0755	PolyForm-Noncommercial-1.0.0
assets/code/confirmatory/chunked-evidence.mjs	8657	6b2ea95de94bed0c115242da1b5a6ab9ba445f52b0cde983b979f366e70b6fbe	0755	PolyForm-Noncommercial-1.0.0
assets/code/confirmatory/contextual-diagnostics.mjs	10638	5ff436205996fd2ec9cc6840ea659ed061fb41affdca767bad7703f0b8852bb8	0755	PolyForm-Noncommercial-1.0.0
assets/code/confirmatory/contextual-source.mjs	5272	a022eb590677cf9d40a7ae42345477ee379616012b8a4fc4c5ea3240cf211121	0755	PolyForm-Noncommercial-1.0.0
assets/code/confirmatory/contextual_lifecycle.py	17666	b7f1807e8f0daf4950c3ac693f6ebfd7bff7aaffe0ab2e7a6dd1cc7361d09b3c	0755	PolyForm-Noncommercial-1.0.0
assets/code/confirmatory/contextual_worker.py	5441	017b3af7837373a5a2b65695f2477bf1a582b49292e85def5f799159c6e7ed6a	0755	PolyForm-Noncommercial-1.0.0
assets/code/confirmatory/cpu-clock-tape.mjs	5038	ba35a4163656d07ab82829d4f65d3fc544f7ed2579b2caf1f7b28b38317b87c3	0755	PolyForm-Noncommercial-1.0.0
assets/code/confirmatory/cpu-trajectory.mjs	14139	aaa4c079556a1a1f73208287579b96432fbf979510d8dfe65c85575b3f3920a2	0755	PolyForm-Noncommercial-1.0.0
assets/code/confirmatory/dev-feasibility.mjs	6224	62e8f51a8fabab87c622bdfeffa8567747915f2fa430c9ea74a815de3d1a6765	0755	PolyForm-Noncommercial-1.0.0
assets/code/confirmatory/diagnostic-baselines.mjs	5494	cd67f28efad9cfc2803621405e96f3c297ba193e77f8550dcff0afae01dee2e7	0755	PolyForm-Noncommercial-1.0.0
assets/code/confirmatory/disk-provenance.mjs	7840	c3914752ff6ff573b10799f3dde12e5963497f275cea3c71d34287fe51ec912a	0755	PolyForm-Noncommercial-1.0.0
assets/code/confirmatory/distribution_set.py	13054	a9a3b019e9fd86ec04f24de186ab0081bc9f8f485c0b8f24d6606ce7d898647a	0755	PolyForm-Noncommercial-1.0.0
assets/code/confirmatory/evidence.mjs	20795	06782d3e9fc854a7061b9863670ec20e38e155cdcf8db0f247b6dfa36c9c789a	0755	PolyForm-Noncommercial-1.0.0
assets/code/confirmatory/f02-dev-assembler.py	3939	1189e7d78b2c3e7c756ed81f5f14cd07c55cb696d5e948426c3f1cf5b115151f	0755	PolyForm-Noncommercial-1.0.0
assets/code/confirmatory/f02-record-contract.mjs	2268	5718e9f9a9cf9a95a8fd8d421d41b42e5741e5e27d2afa83e9f7704436fdb915	0755	PolyForm-Noncommercial-1.0.0
assets/code/confirmatory/f02-state.mjs	4681	cd2656648b6d3a7a19d48625a0da9b9b815a11a77719448a8f35b4b6f8701224	0755	PolyForm-Noncommercial-1.0.0
assets/code/confirmatory/f06_comparators.py	12597	f5882064b8d27c68a069f055daf6e10a7bd3eef82e0c6329f47ee2de165cc5c2	0755	PolyForm-Noncommercial-1.0.0
assets/code/confirmatory/f07_dev_contract.py	6073	e8f6dad9c66e594c1bf68040e539f24c8710a249b7d15cff9ae5abd9c5973961	0755	PolyForm-Noncommercial-1.0.0
assets/code/confirmatory/f10-compact-provenance.mjs	11064	4a1c5a04363bac7acfac8d87a6a46784d88b4eaf2914bb692042665908863ff0	0755	PolyForm-Noncommercial-1.0.0
assets/code/confirmatory/f10-conf-source.mjs	2375	8f66d6e720ed95e12766e80586800ad7f6737b98fc8805f8e79c50a66f4f1e41	0755	PolyForm-Noncommercial-1.0.0
assets/code/confirmatory/f10-deployed-provenance.mjs	20933	81e8992648dfd23ebc997728c4db19ccd360806ed5c9235e7f1aff7f68a46bf8	0755	PolyForm-Noncommercial-1.0.0
assets/code/confirmatory/generator.mjs	3790	ba6bfd4da098edd997df401737be9e87ed4958bbfa70b9ca68600228144e59fd	0755	PolyForm-Noncommercial-1.0.0
assets/code/confirmatory/i06-ext-source.mjs	8904	5dc4128b3002ed19c6d504b1b0370afc3fb47a8de6d38e9c000bbe162bf690f7	0755	PolyForm-Noncommercial-1.0.0
assets/code/confirmatory/i06-state.mjs	23944	1cd8ec7730d855ddfe4c4469e82ed6a30ca60bb9c47be944910276e44bf7f130	0755	PolyForm-Noncommercial-1.0.0
assets/code/confirmatory/learner.mjs	16360	84d2049424ad3847e4e5d04a47df093471dedaaa53de89e7cc7b4e50691a6167	0755	PolyForm-Noncommercial-1.0.0
assets/code/confirmatory/locked_runtime.py	11340	eac0b3266c38771f4cefd474fa93363721c0e36809ac0b95d3893c15f434a81c	0755	PolyForm-Noncommercial-1.0.0
assets/code/confirmatory/locked_runtime_worker.py	13654	8d401df56751652131b88f1082fbd2bd7918680b25844fd30889afcb3566891d	0755	PolyForm-Noncommercial-1.0.0
assets/code/confirmatory/material-packet-v3.mjs	6522	628a5d996fe9673b3e33138e4a244315f71e323d5540ca04b2e2e5adc33492a6	0755	PolyForm-Noncommercial-1.0.0
assets/code/confirmatory/material-packet-v4.mjs	5175	5e5a264fa4e0ea74a5a0a5ab514423621743cdd7f4413060d5ca68f21309585b	0755	PolyForm-Noncommercial-1.0.0
assets/code/confirmatory/material-v4.mjs	7177	ca90a5d228ef29f60ac7939bad35ba90410d8fb367bc3c533aa9c3ec3ac36b26	0755	PolyForm-Noncommercial-1.0.0
assets/code/confirmatory/material.mjs	3478	2e122cee4637230afcf707c1be001184c85c2c8bcbf3c17b3c2870f10cbf06e1	0755	PolyForm-Noncommercial-1.0.0
assets/code/confirmatory/model_resource_supervisor.py	44712	c26b6893bfd72e40613ebaf96e3737d3f815c533e39c570a096dbfd836b38603	0755	PolyForm-Noncommercial-1.0.0
assets/code/confirmatory/process_ownership.py	8596	8ba93e3bafd3745380ab551de409758fcafcfc4e8d09dfefbd1bc09d98b8c056	0755	PolyForm-Noncommercial-1.0.0
assets/code/confirmatory/r06_diagnostic_worker.mjs	4721	fb35fd2327f0393ef50f370bd04699758ba429d393eb40441946ac17ce60cc19	0755	PolyForm-Noncommercial-1.0.0
assets/code/confirmatory/r06_locked_worker.py	14460	918a4feee117b54b9b75dc86c7fe0d922cfc45289031b1f676d8b40b49cf5b44	0755	PolyForm-Noncommercial-1.0.0
assets/code/confirmatory/r06_river_adapter.py	7649	7505fa493123b7b46333d7be0214b6880422b96c0f53ac4e619f70cb553427ea	0755	PolyForm-Noncommercial-1.0.0
assets/code/confirmatory/r06_runtime.py	10382	73b4f9c18b11ebfc4d174d53860adc1007ee0c85b64bc5d6da7086c0e243abb0	0755	PolyForm-Noncommercial-1.0.0
assets/code/confirmatory/random.mjs	1746	32fc836a509851a58b9e56c651d3c62212fccc9bb0c9c730e40ba193fbfe2040	0755	PolyForm-Noncommercial-1.0.0
assets/code/confirmatory/record-contract.mjs	7834	a403c95a71003f23e7042a1717d18b728c636932b816ace994214ac8ba49d296	0755	PolyForm-Noncommercial-1.0.0
assets/code/confirmatory/requirements-f06-comparators.in	200	f89b3d9b627083ff5518ed58f476e0e204177cc0475e7846e4e02938fdff2563	0644	PolyForm-Noncommercial-1.0.0
assets/code/confirmatory/requirements-f07-comparators.lock	892	6448a068c0e696e42581fcba0597c7eb14ad9d2fde07fa115c91109c1aba90f3	0644	PolyForm-Noncommercial-1.0.0
assets/code/confirmatory/river-context-v2.py	4004	5fe844f2d2991f634f59136f393c960947afe375127015233cee38fab06b7c1a	0755	PolyForm-Noncommercial-1.0.0
assets/code/confirmatory/river_prequential.py	13042	9bc64ef9eb26552400511bf1d51a3b27eadb62db52f74ad92c068c81895c50e7	0755	PolyForm-Noncommercial-1.0.0
assets/code/confirmatory/session.mjs	9519	34d05eb567482310fff6dcaf4cf6713c86458e66072104cdfb87f838448a247c	0755	PolyForm-Noncommercial-1.0.0
assets/code/confirmatory/supervised_contextual.py	12367	0ec4334681f10ec5b070960760c050422480ca3133580910a01fb3987f3eff00	0755	PolyForm-Noncommercial-1.0.0
assets/code/confirmatory/trajectory-replay.mjs	16547	e90ef91431100486becd4dd7a5c566db6799c3099761a6e06d67b04f396834c0	0755	PolyForm-Noncommercial-1.0.0
assets/code/confirmatory/trees.mjs	19547	f210ecb535518192c945785cfdf02ccee3a890f7c4e9ef99c9b4005d8760adf9	0755	PolyForm-Noncommercial-1.0.0
assets/code/confirmatory/work.mjs	2786	e9a2d4f299d6691bc937d4250391cd7e28e9de319c19304f3651d307a230c4ce	0755	PolyForm-Noncommercial-1.0.0
assets/code/lib/binary-metrics.mjs	2080	aca8eae0025ca196657940839acab99fe8c6f2d5be616444edcf70c51a09055b	0755	PolyForm-Noncommercial-1.0.0
assets/code/lib/execution-guard.mjs	910	1bc6a0fe82132871373432418da7bf113a6536232f9c88327692457667528dce	0755	PolyForm-Noncommercial-1.0.0
assets/code/lib/greedy-cart.mjs	7960	6d923b26204738187dae46277abb162cb6a9a806e7b907f9be7f9d10d16c6c37	0755	PolyForm-Noncommercial-1.0.0
assets/code/lib/lineage.mjs	31726	b96b0883f34c01d25b5d4d6e6e73354eb2533dc0a0e9c65262e2e3f8bf6d0e4c	0755	PolyForm-Noncommercial-1.0.0
assets/code/lib/stream-runtime.mjs	15792	52360b4b161ce9948542c609a085f66793893dcb8713c2407f5f8d7937426442	0755	PolyForm-Noncommercial-1.0.0
assets/code/lib/strict-csv.mjs	7425	0ab39b332f83d8f7dffb06ea404f9c754f232a564a6386f6017a967f85975c43	0755	PolyForm-Noncommercial-1.0.0
data/decision_economics/I07_ARM_LEVEL_RESOURCE_SUMMARIES.csv	6452	1bbd42b83ebcd36539a1e4e1a45240c5e629eba8414aa58d54e07b349d7417d3	0644	CC-BY-NC-4.0
data/decision_economics/I07_HARD_BUDGET_FEASIBILITY.csv	11720	594b21d5afbf0beccfb42dc39eb7f98d8b7885d19511f9d81996d5eddb77307d	0644	CC-BY-NC-4.0
data/decision_economics/I07_HARD_BUDGET_THRESHOLDS.json	1415	d30816bd22fbcbf2217271f68d74690d9fa4a0df4bd080dfed27ea002347de1e	0644	CC-BY-NC-4.0
data/decision_economics/I07_PAIRED_RESOURCE_CONTRASTS.csv	5885	d3ed050e6beaf00aec3bc63d9e16cfcc991c37ed65a18b91db9a9b53a8353eed	0644	CC-BY-NC-4.0
data/decision_economics/I07_PARETO_RESULTS.json	2749	361a1233b359f8f66be8ad2fbf0fe7ea91dc4df777162fc4db3c396ab6400b59	0644	CC-BY-NC-4.0
data/decision_economics/I07_PER_STREAM_RESOURCE_MINIMUM_RATES.csv	1221	f946632685769102d71e69a3df90fb231264047433cc15bef92e2bf36b94fd54	0644	CC-BY-NC-4.0
data/decision_economics/I07_PRIMARY_PREDICTIVE_ANCHOR.json	1917	873c497ddeed14501c461f3932d7a8ba0820de544b5bdc17b3ea0469e6d3c170	0644	CC-BY-NC-4.0
data/decision_economics/I07_REPRODUCTION_RECEIPT.json	9660	d777eda00dda79756e46ea46f7f605a7c91d5043ed1fc94a34bd65e0aee22108	0644	CC-BY-NC-4.0
data/decision_economics/I07_SHADOW_PRICE_BOUNDARIES.csv	4568	58d461a10d31202f9ecae27390d89c0f57d721b889e343fa0bd2451e1014b1ba	0644	CC-BY-NC-4.0
data/decision_economics/I07_STREAM_ARM_RESOURCE_PANEL.csv	894470	f1fa4904ff8269aebeca72b3dc8bbd8aea1139107771eb804d7735ee1c33a3fa	0644	CC-BY-NC-4.0
data/figure_source_data/Figure_5_data.csv	325	c688f8f184a06223dc92a8bfdebf0c705ffbc8eb9a11b4875b5099b6dd4a2afc	0644	CC-BY-NC-4.0
data/figure_source_data/Figure_6_data.csv	1978	b4dc38ba5bb6c6020218182e92eed5bb11dc44cf8d8a14f4cc8eef5e775201ad	0644	CC-BY-NC-4.0
data/figure_source_data/Figure_7_data.csv	1761	434aaade3a18379470581038139882f65e1fa3c4920951262ac89dfdefc3b8f9	0644	CC-BY-NC-4.0
data/figure_source_data/Figure_8_data.csv	1387	0a48c9e522f1eb41df5b895d599f90ad24700fab551a831bdebe09afb242a338	0644	CC-BY-NC-4.0
data/publication_tables/main/Table_1_Study1_primary_confirmatory_results.tsv	462	c2a268baa2a8fc5c4534dc917d5b6f150d56e5937edb526c59e878333ca0d1bb	0644	CC-BY-NC-4.0
data/publication_tables/main/Table_2_Study2_primary_confirmatory_results.csv	477	797415bfe24e1f49b83234c5441bd93ebe351010b7ed7d6a4f0b12b1e99cfb39	0644	CC-BY-NC-4.0
data/publication_tables/main/Table_3A_Study2_predictive_and_runtime_means.csv	330	3d8dd54f44b5ea610366baf8ae2bdccbf3f1f44d1bbfa922a4d00eba161a9174	0644	CC-BY-NC-4.0
data/publication_tables/main/Table_3B_Study2_prediction_state_and_provenance_means.csv	271	331d11d33ef8242004df8339353c48ada279c5362733b6c698b548124279c7c5	0644	CC-BY-NC-4.0
data/publication_tables/main/Table_4_Selected_alternative_minus_PERSIST_resource_contrasts.csv	1244	6e834a78fe5a563cb176d9ae2fe8493a1ff25dc94c071ee54ee6d007f171be2a	0644	CC-BY-NC-4.0
data/study2/I06B_FINAL_PHASE_CLOSEOUT.json	4604	9a81a77127476719f431830b03d425e6546751eb08b5ffe926006bc980ec1800	0644	CC-BY-NC-4.0
data/study2/analysis/BOOTSTRAP_REPLICATES.json	1686124	7b680104455712d18787bd5ca60959e3e08ca60dc41017155f87e14218e7cfce	0644	CC-BY-NC-4.0
data/study2/analysis/INDEPENDENT_COMPARISON.json	121	6912631cf5fd00fa06270ed29d985782408bf0dbd2730f2489ddebbebb999b26	0644	CC-BY-NC-4.0
data/study2/analysis/INDEPENDENT_NODE_REPRODUCTION.json	1811666	2f9cac150993976d8392e2c92be5760c63bb1f252b1224e7efed9c98384dd214	0644	CC-BY-NC-4.0
data/study2/analysis/PRIMARY_INFERENCE.json	1638	ac9d5162be27fe877c5c98101d14a3c5cbd32439a0c3bb1c0c2d354042c868c0	0644	CC-BY-NC-4.0
data/study2/analysis/REPRODUCTION_INPUT.json	396905	b76041d2bbef6ddaabcaa92f55537384bc8f566f1bf9c385a4c500887686092b	0644	CC-BY-NC-4.0
data/study2/analysis/RESOURCE_SUMMARIES.json	77114	e872d172e177a4861f0a8581a48a7528e4682d6edcab1f5da842fc676ad2f677	0644	CC-BY-NC-4.0
data/study2/analysis/SECONDARY_POINT_SUMMARIES.json	2148	e3eb78f811007988364b1e29648f43d0bbe851e3e05b1190ca9953b65c283dad	0644	CC-BY-NC-4.0
data/study2/analysis/draws/J1.indices.u8	11198880	66088fce695f5b583158f0038d4985a6d9f09bbc5374ae574e768d7de3045446	0644	CC-BY-NC-4.0
data/study2/analysis/draws/J2.indices.u8	11198880	39df6c02835b368ccc41c30e6e92af05fb0c64d47dc48a0a80f5a1f6dd2997ce	0644	CC-BY-NC-4.0
docs/DATA_AVAILABILITY.md	785	e6fe72346b1d23f382ee32d1c4778752e36850917bb5fda4e43093c26fcaa9f9	0644	CC-BY-NC-4.0
docs/PUBLIC_FILE_INVENTORY.tsv	32172	5b7cb18433f8146222bec79e2a3477b7766c5cc41e1710c1fb0e0152804ae0eb	0644	CC-BY-NC-4.0
docs/REPRODUCIBILITY.md	1489	d02bf1b1bd70729a3c34348e7f89011eb7d72d7c523eacbd617b1298dd93116d	0644	CC-BY-NC-4.0
docs/SCIENTIFIC_FIREWALLS.md	741	8492c850189b86aca1b63da019acb5bb543c38ed72a3964f67bb224e8e830e9a	0644	CC-BY-NC-4.0
docs/study1/F13_CAPTIONS.md	2983	e20e87a749a9b0f2b361c4fc404d2dc26c80b1e9735220accb2418438efe35ed	0644	CC-BY-NC-4.0
docs/study1/F13_TABLES.md	1368	c8a12217028b2d733372ca9be75b7c750ba5645ed7ec37c8b5bb0fddb134d7dc	0644	CC-BY-NC-4.0
docs/study1/F13_VALIDATION.json	5097	a174fcfaca70ccb89ff4dcb54487fa977cda7f2a84b208cb53b4286cb2ad30fc	0644	CC-BY-NC-4.0
environment/README.md	368	23018a39dea54449b7e13984554e20e4fbadabedd0113a42d9662854d40fd8c3	0644	CC-BY-NC-4.0
environment/requirements-analysis.txt	27	4935cceab0ccf9b344fc5678478355fafb117c3b788adf9b135835cd438eb0a9	0644	CC-BY-NC-4.0
licensing/LICENCE_DECISION_MATRIX.md	947	b772fa576e093093efd4d6b3e3575519d97cf9a3b79be9b8f011d90541288913	0644	CC-BY-NC-4.0
licensing/RIGHTS_CONFIRMATION.md	919	0f70b3fc5233bd360588cca900dc00833bab947cf302a5cc367c23d3731bf780	0644	CC-BY-NC-4.0
licensing/licence-map.json	1398	edda245be0a87a05c745983807c41fe96d5d7484a6b2ae31508614eb2b50d7c6	0644	CC-BY-NC-4.0
metadata/ZENODO_DEPOSIT_GUIDE.md	424	57fe77a152bbaca2bec7e41a4e7952ee0afd87f67850a284d8cb091a948b050b	0644	CC-BY-NC-4.0
metadata/zenodo-deposit.json	1560	12c952b3c0480ab584b8e067854e9828b491f201723626105fc307fb8c93cf03	0644	CC-BY-NC-4.0
package-lock.json	315	102c1961597087dae1afd9e4be1bf9e6cda9c4606fbbe24740c4397ddbefa4b6	0644	PolyForm-Noncommercial-1.0.0
package.json	529	8460db39e35e448f448c7d831e7be3e4f37e338006f5bc1d89891bff7df68500	0644	PolyForm-Noncommercial-1.0.0
protocols/study1/f05/ARCHITECTURE_BINDING.json	1036	e383bfcaebc30c33bba057086e79a79669090633e2bfcbbdbc9849a33bb0f99f	0644	CC-BY-NC-4.0
protocols/study1/f05/EVIDENCE_CONTRACT.json	1608	85b391ed6406831b0de1086e897586510b4ae9d97e98c0c6d40e76e18bf6b49e	0644	CC-BY-NC-4.0
protocols/study1/f06/COMPARATOR_CONTRACT.json	10066	37bb8fb8f996072f4d6f7e1fbe04f4df911d427879ac729287b0e91633ef8172	0644	CC-BY-NC-4.0
protocols/study1/f06/COMPARATOR_FAIRNESS_AUDIT.md	7922	44a475e2479e6df5c2074037c5f2e3498a95231450a371bd28b23b9d3c5a7f68	0644	CC-BY-NC-4.0
protocols/study1/f07/COMPARATOR_SEED_FREEZE.json	1282	57aa24018805e2de25a061ecd7666e7a891ade0d8b263bd5670e6957f53c8d7e	0644	CC-BY-NC-4.0
protocols/study1/f07/DEV_DESIGN.json	7818	7fe21762db7629cec23e3f048d7e6d252b2cc99c835723f6335a5da50a7f4b8f	0644	CC-BY-NC-4.0
protocols/study1/f07/FAILURE_AND_RESOURCE_POLICY.md	2805	4d516f51f5f45c96664f51c76a9303d769227207b1ed7cdd27545a6f0bf883c1	0644	CC-BY-NC-4.0
protocols/study1/f09/CONF_PROTOCOL_LOCK.json	12105	b12f7874d932e3b2095b38a1b58e80e1d86817d7434c53300dae9502c1dd28ef	0644	CC-BY-NC-4.0
protocols/study1/f09/SAMPLE_SIZE_DECISION.json	2168	6eecdaf27837f8a5ee93cb826b8f0c15f763d25b74a6a436a0ebfdfc1d1d7a3d	0644	CC-BY-NC-4.0
protocols/study1/f10/CONTEXTUAL_AGGREGATE_RECEIPT.json	2324	666978753e3d92f9aaafa05a1fd9e714f2911767dbd7df7602746cb2a17b5f9c	0644	CC-BY-NC-4.0
protocols/study1/f10/F10_CONTEXTUAL_EXECUTION_LOCK.json	4283	8e60067272365538fcc13c25576e31bd9207424afeacb244140a0942bc1b6403	0644	CC-BY-NC-4.0
protocols/study1/f10/F10_EXECUTION_LOCK.json	3816	a4bf699a0acf70baec858d4ef0d84e9b365c9a07c421f9eae95c09f3a72ad7ea	0644	CC-BY-NC-4.0
protocols/study1/f10/F10_PREEXECUTION_BINDING.json	2547	7e493ed14525618f843416c4959984ad990f9c6023ce44876215f0a5b53cf8e4	0644	CC-BY-NC-4.0
protocols/study1/f10/MECHANISM_PREDICTOR_IMPLEMENTATION.json	3197	03b8b10de5b953139226d56c7aee94bfe0c35fa3f5004562ac1d4a372c37ac6c	0644	CC-BY-NC-4.0
protocols/study1/f10/PRIMARY_AGGREGATE_RECEIPT.json	1800	7f765c6d368f9f7fe32f0a3b0ca3dfc6cb80fa1d4d1a4576262b4e3277acd0be	0644	CC-BY-NC-4.0
protocols/study1/f10/PROVENANCE_IMPLEMENTATION_DECISION.json	1576	92d764d56c55a0c0cca0c631d62aa2dc62068ecd6793e9690a3f25102b0f9f97	0644	CC-BY-NC-4.0
protocols/study2/I05_ANALYSIS_PLAN.md	1382	5c3636c7795292f094ff601c75d49ce876280815c878f2af10035ce66a9e1a94	0644	CC-BY-NC-4.0
protocols/study2/I05_INTERVENTION_COMPOSER_SPECIFICATION.md	1953	2b4d00937e891dfb0df4b0d10547e7967b905aa17ebd5ddd6a9c479f2535b90f	0644	CC-BY-NC-4.0
protocols/study2/I05_RESOURCE_MEASUREMENT_PLAN.md	667	c59725f05b27b71b3280494dfbf7dadc311dbae8a644ac5e3b87a1b423085e7b	0644	CC-BY-NC-4.0
protocols/study2/I05_STUDY2_PROTOCOL_LOCK.json	12350	e5f1a43d67120445b537bcdf81d4ea5eb55f098397a24c43440a52e4b8340548	0644	CC-BY-NC-4.0
protocols/study2/I05_STUDY2_SEED_SCHEDULE.tsv	198350	9990ceb030a2e85690d5d6595f1f872965c20abfbeb4970f03fc706efc3b2652	0644	CC-BY-NC-4.0
protocols/study2/QUALIFIED_SOURCE_MANIFEST.json	242676	0d95e624dd861c63e2a05d1ec02f35fc94301190288b022a6c9fcfc998616fb1	0644	CC-BY-NC-4.0
test/binary-metrics.test.mjs	2091	5674260597dffd99b370c113c7361498fcb11b1b85a2b83f8fd45d3d1ecfd3cd	0644	PolyForm-Noncommercial-1.0.0
test/campaign-admission.test.mjs	10983	8c1c2e0816d26703c87c6bbadeeaea8a1fb2a894c6680a3fe438f0e89dc2e49c	0644	PolyForm-Noncommercial-1.0.0
test/chunked-evidence.test.mjs	5296	912b413a225aac15c0d3cd7ae8a9155e6956d07cd3498f118e7b8f0e43704c1d	0644	PolyForm-Noncommercial-1.0.0
test/confirmatory-baselines.test.mjs	3448	93f5ed8b9e04866843d90e1b0596f079c8d22ae26e3d0d9435fb3e8002a6f602	0644	PolyForm-Noncommercial-1.0.0
test/confirmatory-contract.test.mjs	2643	e979c826bc61ae9e33f383ed0dd4ea11ec10cb729b03fd05c020811536629087	0644	PolyForm-Noncommercial-1.0.0
test/confirmatory-core.test.mjs	17278	335ae48ad40cacf468fe57ca6ba2ff4e5a75c212d444d54a63afb660f0e0bd66	0644	PolyForm-Noncommercial-1.0.0
test/confirmatory-session.test.mjs	14845	559a8d8daa7c159cb6f849dc6b1c9a54b9837fb7789843480c96d7f6c5292766	0644	PolyForm-Noncommercial-1.0.0
test/contextual-diagnostics.test.mjs	8320	17639f3d5a97809a5af44fa3d805099d113425b0c9c9e838b7e6175df581972a	0644	PolyForm-Noncommercial-1.0.0
test/cpu-trajectory.test.mjs	16708	7bd40c8929a1b96faa42d2921951fcb42de3956bdb1ad9091ee8bdc0d220547d	0644	PolyForm-Noncommercial-1.0.0
test/disk-provenance.test.mjs	3902	40339acaf7d083a49377dd75b07109dce6be551e4d28fb661bd047f96f8b3e09	0644	PolyForm-Noncommercial-1.0.0
test/entry-point-validation.test.mjs	3259	a38cb75295c930f1cd63c8bba78ce30c373f4cbe7da9a7658ef317ba3fd65129	0644	PolyForm-Noncommercial-1.0.0
test/evidence-continuation.test.mjs	8281	196f5eeb52bc51f23e7bac64f6d82c6de5656710c38242d09e1d43c7724ca111	0644	PolyForm-Noncommercial-1.0.0
test/execution-guard.test.mjs	2165	90a1c8a937da17163d41cb71f854c73864dd7aee48d8b9303ac0f81ed69fa369	0644	PolyForm-Noncommercial-1.0.0
test/f02-adversarial.test.mjs	4446	97e670785484db3df737e14891aaad9123cdabfe05f1776fd4a44f4363c51675	0644	PolyForm-Noncommercial-1.0.0
test/f02-record-contract.test.mjs	2025	9abb6d7d9db6dee2d7abc1c724bd791ac9df3a42447c0d875f529ea8d8cd5247	0644	PolyForm-Noncommercial-1.0.0
test/f02-state.test.mjs	5514	a188db85f53b23bb0322161295a4bc10e5027b2702f6319565aec13cadf3c6f5	0644	PolyForm-Noncommercial-1.0.0
test/f10-compact-provenance.test.mjs	4035	11bb4c53f8ef5e57142e4f4bd950ab058ac94eeea4e5dbbbfe2f0ba219185796	0644	PolyForm-Noncommercial-1.0.0
test/f10-conf-source.test.mjs	2809	2dd7b3ae3510d6fec0373b7627edd9ba204a048125ecae5f0f349506276bc896	0644	PolyForm-Noncommercial-1.0.0
test/f10-deployed-provenance-certificate.test.mjs	2588	6fc1189d0e6c94ba87a125219179b9046399a21449a3578fdafc52814d122441	0644	PolyForm-Noncommercial-1.0.0
test/f10-deployed-provenance.test.mjs	4050	585d797890e8f2617efc4f1f908a8b31b159cf2dacccbfa8fa81ccbf47bddb94	0644	PolyForm-Noncommercial-1.0.0
test/f10-primary-core.test.mjs	2632	69ac0ed514839d4733ec06d06ead6d9b81dfdff7f6732e77f08ec5ad837ecdf3	0644	PolyForm-Noncommercial-1.0.0
test/failure-lifecycle.test.mjs	6677	a286495f135ac99afcc6fd6d7f670fc58c408f4464089db57bddbca00232c0f5	0644	PolyForm-Noncommercial-1.0.0
test/i06-population-reseed.test.mjs	10592	04e6fbcdf1d18a46fe58a378d2d20283f5d4a3ad6157cb7a026a34b222aa5f1d	0644	PolyForm-Noncommercial-1.0.0
test/i06-preflight-guard.test.mjs	5260	d57d3726cfac44ccdfe430a823a0ea92d500a42b16abd17af04740e3ce154272	0644	PolyForm-Noncommercial-1.0.0
test/i06-primary-core.test.mjs	7393	2a86a78f37c6d2441cd1c8bee7edfeb8cf61c8bcd1f30c40d0f976401d919e0a	0644	PolyForm-Noncommercial-1.0.0
test/material-packet-v3.test.mjs	5377	c2e0ca58ec0c998ecb58c1b190625a33149a6616210c20abf717fc9814b6ffb9	0644	PolyForm-Noncommercial-1.0.0
test/material-packet-v4-f02.test.mjs	3716	289244af1bec1d33989c5feb4f3dae71990617430883439dec99b36bcff214a6	0644	PolyForm-Noncommercial-1.0.0
test/material-v4.test.mjs	5673	f86786d1aa13894f09b696c06f1b7c52604f0d72be25b68d718a0cdecaf7e198	0644	PolyForm-Noncommercial-1.0.0
test/r06-prefix-encoding.test.mjs	6552	8cee41f70c62c5b4c9baf4d0df5b17f5de62301db78b1000ed95a0f7e96b28d2	0644	PolyForm-Noncommercial-1.0.0
test/streamed-evidence.test.mjs	4357	aa6101375fa7f9dd14eec048a1dcaf997ca38a91625447c528cc38149eeb2187	0644	PolyForm-Noncommercial-1.0.0
test/template-prefix.test.mjs	6972	0b66291fa5daa4309013b0536de559a72d2d68ce7d3ab46bdcf20ee0a889cbc5	0644	PolyForm-Noncommercial-1.0.0
test/test_bootstrap_adapter.py	5531	fc78fb431a710f33556efa7108f5c3f31c1099cc3ed66d3df915aefc4b273a33	0644	PolyForm-Noncommercial-1.0.0
test/test_bootstrap_analysis.py	8434	7a83e5b7eafbdf25c86f2133a7adc3af009677e4a33cb49297eb425f99593b8f	0644	PolyForm-Noncommercial-1.0.0
test/test_bounded_precision.py	2585	2ccc25164cb6424b8d3a12ac6bfaa04e711e6cd0a636460d10f557553502ed0e	0644	PolyForm-Noncommercial-1.0.0
test/test_confirmatory_analysis.py	5252	585c7b8e734dcc7f7aed5b73122dbeb9d1acb0faf65e7952ffcaab2631ae3a89	0644	PolyForm-Noncommercial-1.0.0
test/test_contextual_lifecycle.py	17874	04f4302e9bbdce42ddbf61850a17d371408661958d6808e641ed5fb7db0dc17a	0644	PolyForm-Noncommercial-1.0.0
test/test_distribution_set.py	10473	00cded9ef29ea4769942a82a2f493fcc8405c5fcff67570f352b721e7e669ac1	0644	PolyForm-Noncommercial-1.0.0
test/test_f02_dev_assembler.py	3257	1db1bb6e3bf0313021094965f7722d1f5e686f9a2af7a7b2dbeb58e6757191f9	0644	PolyForm-Noncommercial-1.0.0
test/test_f06_comparators.py	5640	f22f8448c3d1e90b85be10a1943f95ff633a024a38a9f74c18a7370bac64cef4	0644	PolyForm-Noncommercial-1.0.0
test/test_f07_dev_contract.py	2949	e740af694f5181bf59b4c2b8381039b5aa434e0ff175f6e173bf3bc0b2e12e92	0644	PolyForm-Noncommercial-1.0.0
test/test_f08_dev_pilot.py	4379	bbf4257cce454c5748173ad49677fbd035b881294cb28da090086e66e785a06c	0644	PolyForm-Noncommercial-1.0.0
test/test_f11_statistics.py	2742	264e614fda3ce92293530913088deb98f9fcf2ac3640177b13859ba76cd073d8	0644	PolyForm-Noncommercial-1.0.0
test/test_f12_decision_economics.py	1262	369c8f0249762f83240b3c22a0005d18decc1f4953fba5b8abaa7e56e7971aaa	0644	PolyForm-Noncommercial-1.0.0
test/test_locked_runtime.py	12878	b4b62aa00ee6fd8a84f918e6e91e8fdd1d919b1b0f31b50070533c3fe40b1196	0644	PolyForm-Noncommercial-1.0.0
test/test_r06_runtime.py	9064	cebaef4b6b3f8c2a749b9b646088c783a28e7413f6bcb12bae0ffcc97b0486cf	0644	PolyForm-Noncommercial-1.0.0
test/test_river_prequential.py	9825	0d11d28b33ae5c8a7b5b7e044fe9bb60339a1ec5a210a46508b54f0c8a336aa4	0644	PolyForm-Noncommercial-1.0.0
test/trajectory-replay.test.mjs	11268	5c84e7d8c04902d66a13f83456e1b6f0ff9787097beafba4ee85e19dccf58414	0644	PolyForm-Noncommercial-1.0.0
validation/reproduce_study2_public.py	1115	e5f263a3e8e12bf675344b5983ecb5a3434ca71bbfaea58d78f986a1a7341df8	0755	PolyForm-Noncommercial-1.0.0
validation/validate_public_candidate.py	4044	86d1b041dc153fec74f306b8ccad8851284eef4c3aaabb489d81fe21d81763be	0755	PolyForm-Noncommercial-1.0.0
